{
  "n_samples": 96,
  "grid": [
    201,
    101
  ],
  "extent_m": [
    0.0,
    0.02,
    0.0,
    0.01
  ],
  "steady": true,
  "free_boundary": "solid-fluid interface {gamma=0.5}",
  "topology_component_counts": {
    "1": 40,
    "2": 44,
    "3": 12
  },
  "velocity_counts": {
    "0.10000000149011612": 11,
    "0.20000000298023224": 11,
    "0.30000001192092896": 11,
    "0.4000000059604645": 11,
    "0.5": 11,
    "0.6000000238418579": 11,
    "0.699999988079071": 11,
    "0.800000011920929": 11,
    "0.8999999761581421": 8
  },
  "attempts": 105
}