{
  "n_samples": 450,
  "grid": [
    100,
    50
  ],
  "downsample": 2,
  "topology_component_counts": {
    "1": 169,
    "2": 214,
    "3": 67
  },
  "velocity_counts": {
    "0.10000000149011612": 50,
    "0.20000000298023224": 50,
    "0.30000001192092896": 50,
    "0.4000000059604645": 50,
    "0.5": 50,
    "0.6000000238418579": 50,
    "0.699999988079071": 50,
    "0.800000011920929": 50,
    "0.8999999761581421": 50
  },
  "attempts": 459
}